,ARI_Louvain,ARI_kmeans,ARI_HC,AMI_Louvain,AMI_kmeans,AMI_HC,Homogeneity_Louvain,Homogeneity_kmeans,Homogeneity_HC
SnapATAC,0.38504616208418535,0.3427149985275751,0.2386822872029209,0.6190343992229002,0.5533608435631563,0.5548679410820675,0.5955261322203698,0.5390722422556175,0.5158519908122452
